sample_id,group_id,label,source_commit,terraform_file_count,noncomment_line_count,resource_count,aws_resource_count,module_count,provider_count,network_resource_count,storage_resource_count,iam_resource_count,public_cidr_count,public_ssh_ingress_count,wildcard_iam_action_count,wildcard_iam_resource_count,disabled_encryption_count,disabled_public_access_control_count,public_acl_count,public_exposure_flag_count,logging_disabled_count,sensitive_boolean_false_count,sensitive_boolean_true_count,weak_security_literal_count
CMP-MUTABLE-IMAGE-TAGS-SAFE,CMP_MUTABLE_IMAGE_TAGS,0,6e359ac29dcde1974d792f454e1a48dfd9deeaa6,2,30,1,1,0,0,0,0,0,0,0,0,0,0,0,0,0,0,0,1,0
CMP-MUTABLE-IMAGE-TAGS-VULN,CMP_MUTABLE_IMAGE_TAGS,1,6e359ac29dcde1974d792f454e1a48dfd9deeaa6,2,30,1,1,0,0,0,0,0,0,0,0,0,0,0,0,0,0,0,1,0
CMP-NO-IMAGE-SCANNING-SAFE,CMP_NO_IMAGE_SCANNING,0,6e359ac29dcde1974d792f454e1a48dfd9deeaa6,2,30,1,1,0,0,0,0,0,0,0,0,0,0,0,0,0,0,0,1,0
CMP-NO-IMAGE-SCANNING-VULN,CMP_NO_IMAGE_SCANNING,1,6e359ac29dcde1974d792f454e1a48dfd9deeaa6,2,30,1,1,0,0,0,0,0,0,0,0,0,0,0,0,0,0,1,0,0
CMP-NO-IMDSV2-SAFE,CMP_NO_IMDSV2,0,6e359ac29dcde1974d792f454e1a48dfd9deeaa6,2,34,1,1,0,0,0,0,0,0,0,0,0,0,0,0,0,0,0,1,0
CMP-NO-IMDSV2-VULN,CMP_NO_IMDSV2,1,6e359ac29dcde1974d792f454e1a48dfd9deeaa6,2,34,1,1,0,0,0,0,0,0,0,0,0,0,0,0,0,0,0,1,0
ENC-NO-KEY-ROTATION-SAFE,ENC_NO_KEY_ROTATION,0,6e359ac29dcde1974d792f454e1a48dfd9deeaa6,2,28,1,1,0,0,0,0,1,0,0,0,0,0,0,0,0,0,0,1,0
ENC-NO-KEY-ROTATION-VULN,ENC_NO_KEY_ROTATION,1,6e359ac29dcde1974d792f454e1a48dfd9deeaa6,2,28,1,1,0,0,0,0,1,0,0,0,0,0,0,0,0,0,1,0,0
ENC-UNENCRYPTED-DATABASE-SAFE,ENC_UNENCRYPTED_DATABASE,0,6e359ac29dcde1974d792f454e1a48dfd9deeaa6,2,40,2,2,0,0,0,0,1,0,0,0,0,0,0,0,0,0,1,3,0
ENC-UNENCRYPTED-DATABASE-VULN,ENC_UNENCRYPTED_DATABASE,1,6e359ac29dcde1974d792f454e1a48dfd9deeaa6,2,39,2,2,0,0,0,0,1,0,0,0,0,1,0,0,0,0,2,2,0
ENC-UNENCRYPTED-VOLUME-SAFE,ENC_UNENCRYPTED_VOLUME,0,6e359ac29dcde1974d792f454e1a48dfd9deeaa6,2,34,2,2,0,0,0,1,1,0,0,0,0,0,0,0,0,0,0,2,0
ENC-UNENCRYPTED-VOLUME-VULN,ENC_UNENCRYPTED_VOLUME,1,6e359ac29dcde1974d792f454e1a48dfd9deeaa6,2,33,2,2,0,0,0,1,1,0,0,0,0,1,0,0,0,0,1,1,0
IAM-WILDCARD-ACTION-SAFE,IAM_WILDCARD_ACTION,0,6e359ac29dcde1974d792f454e1a48dfd9deeaa6,2,37,2,2,0,0,0,1,1,0,0,0,0,0,0,0,0,0,0,0,0
IAM-WILDCARD-ACTION-VULN,IAM_WILDCARD_ACTION,1,6e359ac29dcde1974d792f454e1a48dfd9deeaa6,2,37,2,2,0,0,0,1,1,0,0,0,0,0,0,0,0,0,0,0,0
IAM-WILDCARD-TRUST-SAFE,IAM_WILDCARD_TRUST,0,6e359ac29dcde1974d792f454e1a48dfd9deeaa6,2,34,1,1,0,0,0,0,1,0,0,0,0,0,0,0,0,0,0,0,0
IAM-WILDCARD-TRUST-VULN,IAM_WILDCARD_TRUST,1,6e359ac29dcde1974d792f454e1a48dfd9deeaa6,2,34,1,1,0,0,0,0,1,0,0,0,0,0,0,0,0,0,0,0,0
MON-NO-LOG-ENCRYPTION-SAFE,MON_NO_LOG_ENCRYPTION,0,6e359ac29dcde1974d792f454e1a48dfd9deeaa6,2,38,3,3,0,0,0,1,1,0,0,0,0,0,0,0,0,0,0,1,0
MON-NO-LOG-ENCRYPTION-VULN,MON_NO_LOG_ENCRYPTION,1,6e359ac29dcde1974d792f454e1a48dfd9deeaa6,2,32,2,2,0,0,0,1,0,0,0,0,0,0,0,0,0,0,0,0,0
MON-NO-TRAIL-VALIDATION-SAFE,MON_NO_TRAIL_VALIDATION,0,6e359ac29dcde1974d792f454e1a48dfd9deeaa6,2,38,3,3,0,0,0,1,1,0,0,0,0,0,0,0,0,0,0,1,0
MON-NO-TRAIL-VALIDATION-VULN,MON_NO_TRAIL_VALIDATION,1,6e359ac29dcde1974d792f454e1a48dfd9deeaa6,2,38,3,3,0,0,0,1,1,0,0,0,0,0,0,0,0,0,0,1,0
MON-TRAIL-NOT-MULTIREGION-SAFE,MON_TRAIL_NOT_MULTIREGION,0,6e359ac29dcde1974d792f454e1a48dfd9deeaa6,2,38,3,3,0,0,0,1,1,0,0,0,0,0,0,0,0,0,0,1,0
MON-TRAIL-NOT-MULTIREGION-VULN,MON_TRAIL_NOT_MULTIREGION,1,6e359ac29dcde1974d792f454e1a48dfd9deeaa6,2,38,3,3,0,0,0,1,1,0,0,0,0,0,0,0,0,0,0,1,0
NET-ALB-INVALID-HEADERS-SAFE,NET_ALB_INVALID_HEADERS,0,6e359ac29dcde1974d792f454e1a48dfd9deeaa6,2,39,3,3,0,0,2,0,0,0,0,0,0,0,0,0,0,0,0,0,0
NET-ALB-INVALID-HEADERS-VULN,NET_ALB_INVALID_HEADERS,1,6e359ac29dcde1974d792f454e1a48dfd9deeaa6,2,39,3,3,0,0,2,0,0,0,0,0,0,0,0,0,0,0,0,0,0
NET-NO-FLOW-LOGS-SAFE,NET_NO_FLOW_LOGS,0,6e359ac29dcde1974d792f454e1a48dfd9deeaa6,2,48,4,4,0,0,1,0,1,0,0,0,0,0,0,0,0,0,0,0,0
NET-NO-FLOW-LOGS-VULN,NET_NO_FLOW_LOGS,1,6e359ac29dcde1974d792f454e1a48dfd9deeaa6,2,27,1,1,0,0,1,0,0,0,0,0,0,0,0,0,0,0,0,0,0
NET-NO-HTTPS-REDIRECT-SAFE,NET_NO_HTTPS_REDIRECT,0,6e359ac29dcde1974d792f454e1a48dfd9deeaa6,2,56,1,1,0,0,0,0,0,0,0,0,0,0,0,0,0,0,0,0,0
NET-NO-HTTPS-REDIRECT-VULN,NET_NO_HTTPS_REDIRECT,1,6e359ac29dcde1974d792f454e1a48dfd9deeaa6,2,56,1,1,0,0,0,0,0,0,0,0,0,0,0,0,0,0,0,0,0
NET-PUBLIC-INSTANCE-SAFE,NET_PUBLIC_INSTANCE,0,6e359ac29dcde1974d792f454e1a48dfd9deeaa6,2,43,3,3,0,0,2,0,0,0,0,0,0,0,0,0,0,0,1,1,0
NET-PUBLIC-INSTANCE-VULN,NET_PUBLIC_INSTANCE,1,6e359ac29dcde1974d792f454e1a48dfd9deeaa6,2,43,3,3,0,0,2,0,0,0,0,0,0,0,0,0,1,0,0,2,0
NET-UNRESTRICTED-INGRESS-SAFE,NET_UNRESTRICTED_INGRESS,0,6e359ac29dcde1974d792f454e1a48dfd9deeaa6,2,51,2,2,0,0,2,0,0,1,0,0,0,0,0,0,0,0,0,0,1
NET-UNRESTRICTED-INGRESS-VULN,NET_UNRESTRICTED_INGRESS,1,6e359ac29dcde1974d792f454e1a48dfd9deeaa6,2,51,2,2,0,0,2,0,0,1,1,0,0,0,0,0,0,0,0,0,1
SEC-HARDCODED-CREDENTIAL-SAFE,SEC_HARDCODED_CREDENTIAL,0,6e359ac29dcde1974d792f454e1a48dfd9deeaa6,2,49,3,3,0,0,0,0,1,0,0,0,0,0,0,0,0,0,0,0,0
SEC-HARDCODED-CREDENTIAL-VULN,SEC_HARDCODED_CREDENTIAL,1,6e359ac29dcde1974d792f454e1a48dfd9deeaa6,2,46,2,2,0,0,0,0,1,0,0,0,0,0,0,0,0,0,0,0,0
SRV-NO-API-AUTHORIZATION-SAFE,SRV_NO_API_AUTHORIZATION,0,6e359ac29dcde1974d792f454e1a48dfd9deeaa6,2,37,3,3,0,0,0,0,0,0,0,0,0,0,0,0,0,0,0,0,0
SRV-NO-API-AUTHORIZATION-VULN,SRV_NO_API_AUTHORIZATION,1,6e359ac29dcde1974d792f454e1a48dfd9deeaa6,2,37,3,3,0,0,0,0,0,0,0,0,0,0,0,0,0,0,0,0,0
SRV-NO-FUNCTION-ENCRYPTION-SAFE,SRV_NO_FUNCTION_ENCRYPTION,0,6e359ac29dcde1974d792f454e1a48dfd9deeaa6,2,55,3,3,0,0,0,0,2,0,0,0,0,0,0,0,0,0,0,1,0
SRV-NO-FUNCTION-ENCRYPTION-VULN,SRV_NO_FUNCTION_ENCRYPTION,1,6e359ac29dcde1974d792f454e1a48dfd9deeaa6,2,54,3,3,0,0,0,0,2,0,0,0,0,0,0,0,0,0,0,1,0
STO-NO-ACCESS-LOGGING-SAFE,STO_NO_ACCESS_LOGGING,0,6e359ac29dcde1974d792f454e1a48dfd9deeaa6,2,34,3,3,0,0,0,3,0,0,0,0,0,0,0,0,0,0,0,0,0
STO-NO-ACCESS-LOGGING-VULN,STO_NO_ACCESS_LOGGING,1,6e359ac29dcde1974d792f454e1a48dfd9deeaa6,2,29,2,2,0,0,0,2,0,0,0,0,0,0,0,0,0,0,0,0,0
STO-PUBLIC-BUCKET-SAFE,STO_PUBLIC_BUCKET,0,6e359ac29dcde1974d792f454e1a48dfd9deeaa6,2,36,2,2,0,0,0,2,0,0,0,0,0,0,0,0,0,0,0,4,0
STO-PUBLIC-BUCKET-VULN,STO_PUBLIC_BUCKET,1,6e359ac29dcde1974d792f454e1a48dfd9deeaa6,2,36,2,2,0,0,0,2,0,0,0,0,0,0,4,0,0,0,4,0,0
STO-PUBLIC-DATABASE-SAFE,STO_PUBLIC_DATABASE,0,6e359ac29dcde1974d792f454e1a48dfd9deeaa6,2,34,1,1,0,0,0,0,0,0,0,0,0,0,0,0,0,0,1,2,0
STO-PUBLIC-DATABASE-VULN,STO_PUBLIC_DATABASE,1,6e359ac29dcde1974d792f454e1a48dfd9deeaa6,2,34,1,1,0,0,0,0,0,0,0,0,0,0,0,0,1,0,0,3,0
STO-UNENCRYPTED-BUCKET-SAFE,STO_UNENCRYPTED_BUCKET,0,6e359ac29dcde1974d792f454e1a48dfd9deeaa6,2,40,3,3,0,0,0,2,1,0,0,0,0,0,0,0,0,0,0,1,0
STO-UNENCRYPTED-BUCKET-VULN,STO_UNENCRYPTED_BUCKET,1,6e359ac29dcde1974d792f454e1a48dfd9deeaa6,2,39,3,3,0,0,0,2,1,0,0,0,0,0,0,0,0,0,0,1,0
